id;gerente;email
1;Guilherme;forcecell954@gmail.com
2;Paulo;paulo@gmail.com
3;Alexandro;alexandro@gmail.com
4;Nicolas;Nicolas@gmail.com
5;Agatha;Agatha@gmail.com
6;Marina;Marina@gmail.com
7;Marcio;Marcio@gmail.com
8;Maria;Maria@gmail.com
9;Cleverson;Cleverson@gmail.com
10;Eduardo;Edurado@gmail.com
